,RM08/0010,RM08/0017,Year,Month,Time,Group Description,Average_price,PPOILUSDM_1,PPOILUSDM_2,PPOILUSDM_3,PPOILUSDM_4,PPOILUSDM_5,PPOILUSDM_6,PPOILUSDM_7,PPOILUSDM_8,PPOILUSDM_9,PPOILUSDM_10,PPOILUSDM_11,PPOILUSDM_12,AR_1,AR_2,AR_3,AR_4,AR_5,AR_6,AR_7,AR_8,AR_9,AR_10,AR_11,AR_12
13,False,True,2016,1,2016-01-31,solvent,1.031,520.602567605653,503.163620012229,530.246639789742,483.487307650792,484.677591320546,575.682129641201,606.404488474595,601.396540199212,591.787920473602,607.654865340564,634.378125181584,641.597233169228,1.0533333333333335,1.0575,1.0699999999999998,1.035,1.035,1.152,1.0299999999999998,1.25,1.22,1.19,1.19,1.25
14,False,True,2016,2,2016-02-29,solvent,1.031,531.619442572607,520.602567605653,503.163620012229,530.246639789742,483.487307650792,484.677591320546,575.682129641201,606.404488474595,601.396540199212,591.787920473602,607.654865340564,634.378125181584,1.031,1.0533333333333335,1.0575,1.0699999999999998,1.035,1.035,1.152,1.0299999999999998,1.25,1.22,1.19,1.19
15,False,True,2016,3,2016-03-31,solvent,1.017,595.900683226908,531.619442572607,520.602567605653,503.163620012229,530.246639789742,483.487307650792,484.677591320546,575.682129641201,606.404488474595,601.396540199212,591.787920473602,607.654865340564,1.031,1.031,1.0533333333333335,1.0575,1.0699999999999998,1.035,1.035,1.152,1.0299999999999998,1.25,1.22,1.19
16,False,True,2016,4,2016-04-30,solvent,1.0165,633.067782763729,595.900683226908,531.619442572607,520.602567605653,503.163620012229,530.246639789742,483.487307650792,484.677591320546,575.682129641201,606.404488474595,601.396540199212,591.787920473602,1.017,1.031,1.031,1.0533333333333335,1.0575,1.0699999999999998,1.035,1.035,1.152,1.0299999999999998,1.25,1.22
17,False,True,2016,5,2016-05-31,solvent,1.016,680.375486749158,633.067782763729,595.900683226908,531.619442572607,520.602567605653,503.163620012229,530.246639789742,483.487307650792,484.677591320546,575.682129641201,606.404488474595,601.396540199212,1.0165,1.017,1.031,1.031,1.0533333333333335,1.0575,1.0699999999999998,1.035,1.035,1.152,1.0299999999999998,1.25
18,False,True,2016,6,2016-06-30,solvent,1.0146,644.564789449039,680.375486749158,633.067782763729,595.900683226908,531.619442572607,520.602567605653,503.163620012229,530.246639789742,483.487307650792,484.677591320546,575.682129641201,606.404488474595,1.016,1.0165,1.017,1.031,1.031,1.0533333333333335,1.0575,1.0699999999999998,1.035,1.035,1.152,1.0299999999999998
19,False,True,2016,7,2016-07-31,solvent,1.0096666666666667,618.453034128718,644.564789449039,680.375486749158,633.067782763729,595.900683226908,531.619442572607,520.602567605653,503.163620012229,530.246639789742,483.487307650792,484.677591320546,575.682129641201,1.0146,1.016,1.0165,1.017,1.031,1.031,1.0533333333333335,1.0575,1.0699999999999998,1.035,1.035,1.152
20,False,True,2016,8,2016-08-31,solvent,1.0085,584.190132904984,618.453034128718,644.564789449039,680.375486749158,633.067782763729,595.900683226908,531.619442572607,520.602567605653,503.163620012229,530.246639789742,483.487307650792,484.677591320546,1.0096666666666667,1.0146,1.016,1.0165,1.017,1.031,1.031,1.0533333333333335,1.0575,1.0699999999999998,1.035,1.035
21,False,True,2016,9,2016-09-30,solvent,1.0053999999999998,664.377119626144,584.190132904984,618.453034128718,644.564789449039,680.375486749158,633.067782763729,595.900683226908,531.619442572607,520.602567605653,503.163620012229,530.246639789742,483.487307650792,1.0085,1.0096666666666667,1.0146,1.016,1.0165,1.017,1.031,1.031,1.0533333333333335,1.0575,1.0699999999999998,1.035
22,False,True,2016,10,2016-10-31,solvent,0.9862499999999998,692.406658440732,664.377119626144,584.190132904984,618.453034128718,644.564789449039,680.375486749158,633.067782763729,595.900683226908,531.619442572607,520.602567605653,503.163620012229,530.246639789742,1.0053999999999998,1.0085,1.0096666666666667,1.0146,1.016,1.0165,1.017,1.031,1.031,1.0533333333333335,1.0575,1.0699999999999998
23,False,True,2016,11,2016-11-30,solvent,0.9799999999999999,651.448642642048,692.406658440732,664.377119626144,584.190132904984,618.453034128718,644.564789449039,680.375486749158,633.067782763729,595.900683226908,531.619442572607,520.602567605653,503.163620012229,0.9862499999999998,1.0053999999999998,1.0085,1.0096666666666667,1.0146,1.016,1.0165,1.017,1.031,1.031,1.0533333333333335,1.0575
24,False,True,2016,12,2016-12-31,solvent,0.9800000000000001,669.99758823287,651.448642642048,692.406658440732,664.377119626144,584.190132904984,618.453034128718,644.564789449039,680.375486749158,633.067782763729,595.900683226908,531.619442572607,520.602567605653,0.9799999999999999,0.9862499999999998,1.0053999999999998,1.0085,1.0096666666666667,1.0146,1.016,1.0165,1.017,1.031,1.031,1.0533333333333335
25,False,True,2017,1,2017-01-31,solvent,0.9775,711.756236551718,669.99758823287,651.448642642048,692.406658440732,664.377119626144,584.190132904984,618.453034128718,644.564789449039,680.375486749158,633.067782763729,595.900683226908,531.619442572607,0.9800000000000001,0.9799999999999999,0.9862499999999998,1.0053999999999998,1.0085,1.0096666666666667,1.0146,1.016,1.0165,1.017,1.031,1.031
26,False,True,2017,2,2017-02-28,solvent,0.97525,726.488555994266,711.756236551718,669.99758823287,651.448642642048,692.406658440732,664.377119626144,584.190132904984,618.453034128718,644.564789449039,680.375486749158,633.067782763729,595.900683226908,0.9775,0.9800000000000001,0.9799999999999999,0.9862499999999998,1.0053999999999998,1.0085,1.0096666666666667,1.0146,1.016,1.0165,1.017,1.031
27,False,True,2017,3,2017-03-27,solvent,0.976,706.793595646491,726.488555994266,711.756236551718,669.99758823287,651.448642642048,692.406658440732,664.377119626144,584.190132904984,618.453034128718,644.564789449039,680.375486749158,633.067782763729,0.97525,0.9775,0.9800000000000001,0.9799999999999999,0.9862499999999998,1.0053999999999998,1.0085,1.0096666666666667,1.0146,1.016,1.0165,1.017
28,False,True,2017,4,2017-04-28,solvent,0.9756666666666667,663.299519382585,706.793595646491,726.488555994266,711.756236551718,669.99758823287,651.448642642048,692.406658440732,664.377119626144,584.190132904984,618.453034128718,644.564789449039,680.375486749158,0.976,0.97525,0.9775,0.9800000000000001,0.9799999999999999,0.9862499999999998,1.0053999999999998,1.0085,1.0096666666666667,1.0146,1.016,1.0165
29,False,True,2017,5,2017-05-24,solvent,0.9966666666666667,623.207664785016,663.299519382585,706.793595646491,726.488555994266,711.756236551718,669.99758823287,651.448642642048,692.406658440732,664.377119626144,584.190132904984,618.453034128718,644.564789449039,0.9756666666666667,0.976,0.97525,0.9775,0.9800000000000001,0.9799999999999999,0.9862499999999998,1.0053999999999998,1.0085,1.0096666666666667,1.0146,1.016
30,False,True,2017,6,2017-06-30,solvent,1.0,655.510616305257,623.207664785016,663.299519382585,706.793595646491,726.488555994266,711.756236551718,669.99758823287,651.448642642048,692.406658440732,664.377119626144,584.190132904984,618.453034128718,0.9966666666666667,0.9756666666666667,0.976,0.97525,0.9775,0.9800000000000001,0.9799999999999999,0.9862499999999998,1.0053999999999998,1.0085,1.0096666666666667,1.0146
31,False,True,2017,7,2017-07-26,solvent,0.9933333333333333,621.181586939107,655.510616305257,623.207664785016,663.299519382585,706.793595646491,726.488555994266,711.756236551718,669.99758823287,651.448642642048,692.406658440732,664.377119626144,584.190132904984,1.0,0.9966666666666667,0.9756666666666667,0.976,0.97525,0.9775,0.9800000000000001,0.9799999999999999,0.9862499999999998,1.0053999999999998,1.0085,1.0096666666666667
32,False,True,2017,8,2017-08-31,solvent,0.9949999999999999,617.158220835306,621.181586939107,655.510616305257,623.207664785016,663.299519382585,706.793595646491,726.488555994266,711.756236551718,669.99758823287,651.448642642048,692.406658440732,664.377119626144,0.9933333333333333,1.0,0.9966666666666667,0.9756666666666667,0.976,0.97525,0.9775,0.9800000000000001,0.9799999999999999,0.9862499999999998,1.0053999999999998,1.0085
33,False,True,2017,9,2017-09-29,solvent,0.99,621.819465680048,617.158220835306,621.181586939107,655.510616305257,623.207664785016,663.299519382585,706.793595646491,726.488555994266,711.756236551718,669.99758823287,651.448642642048,692.406658440732,0.9949999999999999,0.9933333333333333,1.0,0.9966666666666667,0.9756666666666667,0.976,0.97525,0.9775,0.9800000000000001,0.9799999999999999,0.9862499999999998,1.0053999999999998
34,False,True,2017,10,2017-10-31,solvent,1.0366666666666668,661.631565157988,621.819465680048,617.158220835306,621.181586939107,655.510616305257,623.207664785016,663.299519382585,706.793595646491,726.488555994266,711.756236551718,669.99758823287,651.448642642048,0.99,0.9949999999999999,0.9933333333333333,1.0,0.9966666666666667,0.9756666666666667,0.976,0.97525,0.9775,0.9800000000000001,0.9799999999999999,0.9862499999999998
35,False,True,2017,11,2017-11-07,solvent,1.02,648.161663544148,661.631565157988,621.819465680048,617.158220835306,621.181586939107,655.510616305257,623.207664785016,663.299519382585,706.793595646491,726.488555994266,711.756236551718,669.99758823287,1.0366666666666668,0.99,0.9949999999999999,0.9933333333333333,1.0,0.9966666666666667,0.9756666666666667,0.976,0.97525,0.9775,0.9800000000000001,0.9799999999999999
36,False,True,2017,12,2017-12-28,solvent,1.0466666666666666,635.563806500635,648.161663544148,661.631565157988,621.819465680048,617.158220835306,621.181586939107,655.510616305257,623.207664785016,663.299519382585,706.793595646491,726.488555994266,711.756236551718,1.02,1.0366666666666668,0.99,0.9949999999999999,0.9933333333333333,1.0,0.9966666666666667,0.9756666666666667,0.976,0.97525,0.9775,0.9800000000000001
37,False,True,2018,1,2018-01-31,solvent,1.145,592.797796439949,635.563806500635,648.161663544148,661.631565157988,621.819465680048,617.158220835306,621.181586939107,655.510616305257,623.207664785016,663.299519382585,706.793595646491,726.488555994266,1.0466666666666666,1.02,1.0366666666666668,0.99,0.9949999999999999,0.9933333333333333,1.0,0.9966666666666667,0.9756666666666667,0.976,0.97525,0.9775
38,False,True,2018,2,2018-02-28,solvent,1.16,633.347501155855,592.797796439949,635.563806500635,648.161663544148,661.631565157988,621.819465680048,617.158220835306,621.181586939107,655.510616305257,623.207664785016,663.299519382585,706.793595646491,1.145,1.0466666666666666,1.02,1.0366666666666668,0.99,0.9949999999999999,0.9933333333333333,1.0,0.9966666666666667,0.9756666666666667,0.976,0.97525
39,False,True,2018,3,2018-03-23,solvent,1.1775,642.943711013104,633.347501155855,592.797796439949,635.563806500635,648.161663544148,661.631565157988,621.819465680048,617.158220835306,621.181586939107,655.510616305257,623.207664785016,663.299519382585,1.16,1.145,1.0466666666666666,1.02,1.0366666666666668,0.99,0.9949999999999999,0.9933333333333333,1.0,0.9966666666666667,0.9756666666666667,0.976
40,False,True,2018,4,2018-04-26,solvent,1.388,624.308918836003,642.943711013104,633.347501155855,592.797796439949,635.563806500635,648.161663544148,661.631565157988,621.819465680048,617.158220835306,621.181586939107,655.510616305257,623.207664785016,1.1775,1.16,1.145,1.0466666666666666,1.02,1.0366666666666668,0.99,0.9949999999999999,0.9933333333333333,1.0,0.9966666666666667,0.9756666666666667
41,False,True,2018,5,2018-05-31,solvent,1.3525,618.000861676943,624.308918836003,642.943711013104,633.347501155855,592.797796439949,635.563806500635,648.161663544148,661.631565157988,621.819465680048,617.158220835306,621.181586939107,655.510616305257,1.388,1.1775,1.16,1.145,1.0466666666666666,1.02,1.0366666666666668,0.99,0.9949999999999999,0.9933333333333333,1.0,0.9966666666666667
42,False,True,2018,6,2018-06-29,solvent,1.3192857142857142,606.02164191076,618.000861676943,624.308918836003,642.943711013104,633.347501155855,592.797796439949,635.563806500635,648.161663544148,661.631565157988,621.819465680048,617.158220835306,621.181586939107,1.3525,1.388,1.1775,1.16,1.145,1.0466666666666666,1.02,1.0366666666666668,0.99,0.9949999999999999,0.9933333333333333,1.0
43,False,True,2018,7,2018-07-27,solvent,1.3064285714285713,582.897990498486,606.02164191076,618.000861676943,624.308918836003,642.943711013104,633.347501155855,592.797796439949,635.563806500635,648.161663544148,661.631565157988,621.819465680048,617.158220835306,1.3192857142857142,1.3525,1.388,1.1775,1.16,1.145,1.0466666666666666,1.02,1.0366666666666668,0.99,0.9949999999999999,0.9933333333333333
44,False,True,2018,8,2018-08-20,solvent,1.3583333333333334,538.208165734094,582.897990498486,606.02164191076,618.000861676943,624.308918836003,642.943711013104,633.347501155855,592.797796439949,635.563806500635,648.161663544148,661.631565157988,621.819465680048,1.3064285714285713,1.3192857142857142,1.3525,1.388,1.1775,1.16,1.145,1.0466666666666666,1.02,1.0366666666666668,0.99,0.9949999999999999
45,False,True,2018,9,2018-09-27,solvent,1.3,534.352874709735,538.208165734094,582.897990498486,606.02164191076,618.000861676943,624.308918836003,642.943711013104,633.347501155855,592.797796439949,635.563806500635,648.161663544148,661.631565157988,1.3583333333333334,1.3064285714285713,1.3192857142857142,1.3525,1.388,1.1775,1.16,1.145,1.0466666666666666,1.02,1.0366666666666668,0.99
46,False,True,2018,10,2018-10-31,solvent,1.372,524.853111692692,534.352874709735,538.208165734094,582.897990498486,606.02164191076,618.000861676943,624.308918836003,642.943711013104,633.347501155855,592.797796439949,635.563806500635,648.161663544148,1.3,1.3583333333333334,1.3064285714285713,1.3192857142857142,1.3525,1.388,1.1775,1.16,1.145,1.0466666666666666,1.02,1.0366666666666668
47,False,True,2018,11,2018-11-27,solvent,1.3675000000000002,506.85604169469,524.853111692692,534.352874709735,538.208165734094,582.897990498486,606.02164191076,618.000861676943,624.308918836003,642.943711013104,633.347501155855,592.797796439949,635.563806500635,1.372,1.3,1.3583333333333334,1.3064285714285713,1.3192857142857142,1.3525,1.388,1.1775,1.16,1.145,1.0466666666666666,1.02
48,False,True,2018,12,2018-12-19,solvent,1.38,444.079833274839,506.85604169469,524.853111692692,534.352874709735,538.208165734094,582.897990498486,606.02164191076,618.000861676943,624.308918836003,642.943711013104,633.347501155855,592.797796439949,1.3675000000000002,1.372,1.3,1.3583333333333334,1.3064285714285713,1.3192857142857142,1.3525,1.388,1.1775,1.16,1.145,1.0466666666666666
49,False,True,2019,1,2019-01-29,solvent,1.23,462.438918474042,444.079833274839,506.85604169469,524.853111692692,534.352874709735,538.208165734094,582.897990498486,606.02164191076,618.000861676943,624.308918836003,642.943711013104,633.347501155855,1.38,1.3675000000000002,1.372,1.3,1.3583333333333334,1.3064285714285713,1.3192857142857142,1.3525,1.388,1.1775,1.16,1.145
50,False,True,2019,2,2019-02-26,solvent,1.2516666666666667,519.152943137988,462.438918474042,444.079833274839,506.85604169469,524.853111692692,534.352874709735,538.208165734094,582.897990498486,606.02164191076,618.000861676943,624.308918836003,642.943711013104,1.23,1.38,1.3675000000000002,1.372,1.3,1.3583333333333334,1.3064285714285713,1.3192857142857142,1.3525,1.388,1.1775,1.16
51,False,True,2019,3,2019-03-26,solvent,1.23,522.287898643095,519.152943137988,462.438918474042,444.079833274839,506.85604169469,524.853111692692,534.352874709735,538.208165734094,582.897990498486,606.02164191076,618.000861676943,624.308918836003,1.2516666666666667,1.23,1.38,1.3675000000000002,1.372,1.3,1.3583333333333334,1.3064285714285713,1.3192857142857142,1.3525,1.388,1.1775
52,False,True,2019,4,2019-04-30,solvent,1.176,492.679439788188,522.287898643095,519.152943137988,462.438918474042,444.079833274839,506.85604169469,524.853111692692,534.352874709735,538.208165734094,582.897990498486,606.02164191076,618.000861676943,1.23,1.2516666666666667,1.23,1.38,1.3675000000000002,1.372,1.3,1.3583333333333334,1.3064285714285713,1.3192857142857142,1.3525,1.388
53,False,True,2019,5,2019-05-28,solvent,1.1625,503.28511243152,492.679439788188,522.287898643095,519.152943137988,462.438918474042,444.079833274839,506.85604169469,524.853111692692,534.352874709735,538.208165734094,582.897990498486,606.02164191076,1.176,1.23,1.2516666666666667,1.23,1.38,1.3675000000000002,1.372,1.3,1.3583333333333334,1.3064285714285713,1.3192857142857142,1.3525
54,False,True,2019,6,2019-06-25,solvent,1.1624999999999999,472.097758555727,503.28511243152,492.679439788188,522.287898643095,519.152943137988,462.438918474042,444.079833274839,506.85604169469,524.853111692692,534.352874709735,538.208165734094,582.897990498486,1.1625,1.176,1.23,1.2516666666666667,1.23,1.38,1.3675000000000002,1.372,1.3,1.3583333333333334,1.3064285714285713,1.3192857142857142
55,False,True,2019,7,2019-07-30,solvent,1.1233333333333333,474.627071385656,472.097758555727,503.28511243152,492.679439788188,522.287898643095,519.152943137988,462.438918474042,444.079833274839,506.85604169469,524.853111692692,534.352874709735,538.208165734094,1.1624999999999999,1.1625,1.176,1.23,1.2516666666666667,1.23,1.38,1.3675000000000002,1.372,1.3,1.3583333333333334,1.3064285714285713
56,False,True,2019,8,2019-08-28,solvent,1.1216666666666668,466.214596109574,474.627071385656,472.097758555727,503.28511243152,492.679439788188,522.287898643095,519.152943137988,462.438918474042,444.079833274839,506.85604169469,524.853111692692,534.352874709735,1.1233333333333333,1.1624999999999999,1.1625,1.176,1.23,1.2516666666666667,1.23,1.38,1.3675000000000002,1.372,1.3,1.3583333333333334
57,False,True,2019,9,2019-09-30,solvent,1.113,508.608892809685,466.214596109574,474.627071385656,472.097758555727,503.28511243152,492.679439788188,522.287898643095,519.152943137988,462.438918474042,444.079833274839,506.85604169469,524.853111692692,1.1216666666666668,1.1233333333333333,1.1624999999999999,1.1625,1.176,1.23,1.2516666666666667,1.23,1.38,1.3675000000000002,1.372,1.3
58,False,True,2019,10,2019-10-31,solvent,1.0725,506.856315453768,508.608892809685,466.214596109574,474.627071385656,472.097758555727,503.28511243152,492.679439788188,522.287898643095,519.152943137988,462.438918474042,444.079833274839,506.85604169469,1.113,1.1216666666666668,1.1233333333333333,1.1624999999999999,1.1625,1.176,1.23,1.2516666666666667,1.23,1.38,1.3675000000000002,1.372
59,False,True,2019,11,2019-11-28,solvent,1.0733333333333333,523.520131772373,506.856315453768,508.608892809685,466.214596109574,474.627071385656,472.097758555727,503.28511243152,492.679439788188,522.287898643095,519.152943137988,462.438918474042,444.079833274839,1.0725,1.113,1.1216666666666668,1.1233333333333333,1.1624999999999999,1.1625,1.176,1.23,1.2516666666666667,1.23,1.38,1.3675000000000002
60,False,True,2019,12,2019-12-17,solvent,1.07125,612.802778088192,523.520131772373,506.856315453768,508.608892809685,466.214596109574,474.627071385656,472.097758555727,503.28511243152,492.679439788188,522.287898643095,519.152943137988,462.438918474042,1.0733333333333333,1.0725,1.113,1.1216666666666668,1.1233333333333333,1.1624999999999999,1.1625,1.176,1.23,1.2516666666666667,1.23,1.38
61,False,True,2020,1,2020-01-28,solvent,1.06,685.283404717487,612.802778088192,523.520131772373,506.856315453768,508.608892809685,466.214596109574,474.627071385656,472.097758555727,503.28511243152,492.679439788188,522.287898643095,519.152943137988,1.07125,1.0733333333333333,1.0725,1.113,1.1216666666666668,1.1233333333333333,1.1624999999999999,1.1625,1.176,1.23,1.2516666666666667,1.23
62,False,True,2020,2,2020-02-26,solvent,1.05,726.585601903826,685.283404717487,612.802778088192,523.520131772373,506.856315453768,508.608892809685,466.214596109574,474.627071385656,472.097758555727,503.28511243152,492.679439788188,522.287898643095,1.06,1.07125,1.0733333333333333,1.0725,1.113,1.1216666666666668,1.1233333333333333,1.1624999999999999,1.1625,1.176,1.23,1.2516666666666667
63,False,True,2020,3,2020-03-31,solvent,1.05,642.252155857179,726.585601903826,685.283404717487,612.802778088192,523.520131772373,506.856315453768,508.608892809685,466.214596109574,474.627071385656,472.097758555727,503.28511243152,492.679439788188,1.05,1.06,1.07125,1.0733333333333333,1.0725,1.113,1.1216666666666668,1.1233333333333333,1.1624999999999999,1.1625,1.176,1.23
64,False,True,2020,4,2020-04-28,solvent,1.05,557.90283704059,642.252155857179,726.585601903826,685.283404717487,612.802778088192,523.520131772373,506.856315453768,508.608892809685,466.214596109574,474.627071385656,472.097758555727,503.28511243152,1.05,1.05,1.06,1.07125,1.0733333333333333,1.0725,1.113,1.1216666666666668,1.1233333333333333,1.1624999999999999,1.1625,1.176
65,False,True,2020,5,2020-05-31,solvent,1.0333333333333334,518.474155088473,557.90283704059,642.252155857179,726.585601903826,685.283404717487,612.802778088192,523.520131772373,506.856315453768,508.608892809685,466.214596109574,474.627071385656,472.097758555727,1.05,1.05,1.05,1.06,1.07125,1.0733333333333333,1.0725,1.113,1.1216666666666668,1.1233333333333333,1.1624999999999999,1.1625
66,False,True,2020,6,2020-06-30,solvent,1.0350000000000001,498.482164768442,518.474155088473,557.90283704059,642.252155857179,726.585601903826,685.283404717487,612.802778088192,523.520131772373,506.856315453768,508.608892809685,466.214596109574,474.627071385656,1.0333333333333334,1.05,1.05,1.05,1.06,1.07125,1.0733333333333333,1.0725,1.113,1.1216666666666668,1.1233333333333333,1.1624999999999999
67,False,True,2020,7,2020-07-31,solvent,1.0350000000000001,573.22358653095,498.482164768442,518.474155088473,557.90283704059,642.252155857179,726.585601903826,685.283404717487,612.802778088192,523.520131772373,506.856315453768,508.608892809685,466.214596109574,1.0350000000000001,1.0333333333333334,1.05,1.05,1.05,1.06,1.07125,1.0733333333333333,1.0725,1.113,1.1216666666666668,1.1233333333333333
68,False,True,2020,8,2020-08-31,solvent,1.075,610.495597533936,573.22358653095,498.482164768442,518.474155088473,557.90283704059,642.252155857179,726.585601903826,685.283404717487,612.802778088192,523.520131772373,506.856315453768,508.608892809685,1.0350000000000001,1.0350000000000001,1.0333333333333334,1.05,1.05,1.05,1.06,1.07125,1.0733333333333333,1.0725,1.113,1.1216666666666668
69,False,True,2020,9,2020-09-30,solvent,1.055,674.699438865209,610.495597533936,573.22358653095,498.482164768442,518.474155088473,557.90283704059,642.252155857179,726.585601903826,685.283404717487,612.802778088192,523.520131772373,506.856315453768,1.075,1.0350000000000001,1.0350000000000001,1.0333333333333334,1.05,1.05,1.05,1.06,1.07125,1.0733333333333333,1.0725,1.113
70,False,True,2020,10,2020-10-29,solvent,1.015,707.32528125622,674.699438865209,610.495597533936,573.22358653095,498.482164768442,518.474155088473,557.90283704059,642.252155857179,726.585601903826,685.283404717487,612.802778088192,523.520131772373,1.055,1.075,1.0350000000000001,1.0350000000000001,1.0333333333333334,1.05,1.05,1.05,1.06,1.07125,1.0733333333333333,1.0725
71,False,True,2020,11,2020-11-25,solvent,1.02,730.949822826911,707.32528125622,674.699438865209,610.495597533936,573.22358653095,498.482164768442,518.474155088473,557.90283704059,642.252155857179,726.585601903826,685.283404717487,612.802778088192,1.015,1.055,1.075,1.0350000000000001,1.0350000000000001,1.0333333333333334,1.05,1.05,1.05,1.06,1.07125,1.0733333333333333
72,False,True,2020,12,2020-12-31,solvent,1.0166666666666666,841.639684375727,730.949822826911,707.32528125622,674.699438865209,610.495597533936,573.22358653095,498.482164768442,518.474155088473,557.90283704059,642.252155857179,726.585601903826,685.283404717487,1.02,1.015,1.055,1.075,1.0350000000000001,1.0350000000000001,1.0333333333333334,1.05,1.05,1.05,1.06,1.07125
74,False,True,2021,2,2021-02-25,solvent,1.03,936.449653369777,910.648399616273,841.639684375727,730.949822826911,707.32528125622,674.699438865209,610.495597533936,573.22358653095,498.482164768442,518.474155088473,557.90283704059,642.252155857179,1.015,1.0166666666666666,1.02,1.015,1.055,1.075,1.0350000000000001,1.0350000000000001,1.0333333333333334,1.05,1.05,1.05
75,False,True,2021,3,2021-03-31,solvent,1.03,968.868406413008,936.449653369777,910.648399616273,841.639684375727,730.949822826911,707.32528125622,674.699438865209,610.495597533936,573.22358653095,498.482164768442,518.474155088473,557.90283704059,1.03,1.015,1.0166666666666666,1.02,1.015,1.055,1.075,1.0350000000000001,1.0350000000000001,1.0333333333333334,1.05,1.05
76,False,True,2021,4,2021-04-27,solvent,1.03,995.801045240987,968.868406413008,936.449653369777,910.648399616273,841.639684375727,730.949822826911,707.32528125622,674.699438865209,610.495597533936,573.22358653095,498.482164768442,518.474155088473,1.03,1.03,1.015,1.0166666666666666,1.02,1.015,1.055,1.075,1.0350000000000001,1.0350000000000001,1.0333333333333334,1.05
77,False,True,2021,5,2021-05-25,solvent,1.1700000000000002,1036.29341179646,995.801045240987,968.868406413008,936.449653369777,910.648399616273,841.639684375727,730.949822826911,707.32528125622,674.699438865209,610.495597533936,573.22358653095,498.482164768442,1.03,1.03,1.03,1.015,1.0166666666666666,1.02,1.015,1.055,1.075,1.0350000000000001,1.0350000000000001,1.0333333333333334
78,False,True,2021,6,2021-06-30,solvent,1.2974999999999999,1104.58493292694,1036.29341179646,995.801045240987,968.868406413008,936.449653369777,910.648399616273,841.639684375727,730.949822826911,707.32528125622,674.699438865209,610.495597533936,573.22358653095,1.1700000000000002,1.03,1.03,1.03,1.015,1.0166666666666666,1.02,1.015,1.055,1.075,1.0350000000000001,1.0350000000000001
79,False,True,2021,7,2021-07-23,solvent,1.3725,920.962647934837,1104.58493292694,1036.29341179646,995.801045240987,968.868406413008,936.449653369777,910.648399616273,841.639684375727,730.949822826911,707.32528125622,674.699438865209,610.495597533936,1.2974999999999999,1.1700000000000002,1.03,1.03,1.03,1.015,1.0166666666666666,1.02,1.015,1.055,1.075,1.0350000000000001
80,False,True,2021,8,2021-08-26,solvent,1.575,1010.22385393131,920.962647934837,1104.58493292694,1036.29341179646,995.801045240987,968.868406413008,936.449653369777,910.648399616273,841.639684375727,730.949822826911,707.32528125622,674.699438865209,1.3725,1.2974999999999999,1.1700000000000002,1.03,1.03,1.03,1.015,1.0166666666666666,1.02,1.015,1.055,1.075
81,False,True,2021,9,2021-09-30,solvent,1.802,1077.78061255766,1010.22385393131,920.962647934837,1104.58493292694,1036.29341179646,995.801045240987,968.868406413008,936.449653369777,910.648399616273,841.639684375727,730.949822826911,707.32528125622,1.575,1.3725,1.2974999999999999,1.1700000000000002,1.03,1.03,1.03,1.015,1.0166666666666666,1.02,1.015,1.055
82,False,True,2021,10,2021-10-31,solvent,2.1141667882324335,1105.97830115752,1077.78061255766,1010.22385393131,920.962647934837,1104.58493292694,1036.29341179646,995.801045240987,968.868406413008,936.449653369777,910.648399616273,841.639684375727,730.949822826911,1.802,1.575,1.3725,1.2974999999999999,1.1700000000000002,1.03,1.03,1.03,1.015,1.0166666666666666,1.02,1.015
83,False,True,2021,11,2021-11-22,solvent,2.1875,1238.17285657319,1105.97830115752,1077.78061255766,1010.22385393131,920.962647934837,1104.58493292694,1036.29341179646,995.801045240987,968.868406413008,936.449653369777,910.648399616273,841.639684375727,2.1141667882324335,1.802,1.575,1.3725,1.2974999999999999,1.1700000000000002,1.03,1.03,1.03,1.015,1.0166666666666666,1.02
84,False,True,2021,12,2021-12-23,solvent,2.2466666666666666,1279.64081229113,1238.17285657319,1105.97830115752,1077.78061255766,1010.22385393131,920.962647934837,1104.58493292694,1036.29341179646,995.801045240987,968.868406413008,936.449653369777,910.648399616273,2.1875,2.1141667882324335,1.802,1.575,1.3725,1.2974999999999999,1.1700000000000002,1.03,1.03,1.03,1.015,1.0166666666666666
85,False,True,2022,1,2022-01-31,solvent,2.5985714285714288,1207.46390510091,1279.64081229113,1238.17285657319,1105.97830115752,1077.78061255766,1010.22385393131,920.962647934837,1104.58493292694,1036.29341179646,995.801045240987,968.868406413008,936.449653369777,2.2466666666666666,2.1875,2.1141667882324335,1.802,1.575,1.3725,1.2974999999999999,1.1700000000000002,1.03,1.03,1.03,1.015
86,False,True,2022,2,2022-02-23,solvent,2.807,1293.59521574041,1207.46390510091,1279.64081229113,1238.17285657319,1105.97830115752,1077.78061255766,1010.22385393131,920.962647934837,1104.58493292694,1036.29341179646,995.801045240987,968.868406413008,2.5985714285714288,2.2466666666666666,2.1875,2.1141667882324335,1.802,1.575,1.3725,1.2974999999999999,1.1700000000000002,1.03,1.03,1.03
87,False,True,2022,3,2022-03-31,solvent,2.857,1458.06977711168,1293.59521574041,1207.46390510091,1279.64081229113,1238.17285657319,1105.97830115752,1077.78061255766,1010.22385393131,920.962647934837,1104.58493292694,1036.29341179646,995.801045240987,2.807,2.5985714285714288,2.2466666666666666,2.1875,2.1141667882324335,1.802,1.575,1.3725,1.2974999999999999,1.1700000000000002,1.03,1.03
88,False,True,2022,4,2022-04-29,solvent,2.66,1652.71639279719,1458.06977711168,1293.59521574041,1207.46390510091,1279.64081229113,1238.17285657319,1105.97830115752,1077.78061255766,1010.22385393131,920.962647934837,1104.58493292694,1036.29341179646,2.857,2.807,2.5985714285714288,2.2466666666666666,2.1875,2.1141667882324335,1.802,1.575,1.3725,1.2974999999999999,1.1700000000000002,1.03
89,False,True,2022,5,2022-05-19,solvent,3.26,1613.0743554943,1652.71639279719,1458.06977711168,1293.59521574041,1207.46390510091,1279.64081229113,1238.17285657319,1105.97830115752,1077.78061255766,1010.22385393131,920.962647934837,1104.58493292694,2.66,2.857,2.807,2.5985714285714288,2.2466666666666666,2.1875,2.1141667882324335,1.802,1.575,1.3725,1.2974999999999999,1.1700000000000002
90,False,True,2022,6,2022-06-28,solvent,3.0933333333333333,1601.22210374741,1613.0743554943,1652.71639279719,1458.06977711168,1293.59521574041,1207.46390510091,1279.64081229113,1238.17285657319,1105.97830115752,1077.78061255766,1010.22385393131,920.962647934837,3.26,2.66,2.857,2.807,2.5985714285714288,2.2466666666666666,2.1875,2.1141667882324335,1.802,1.575,1.3725,1.2974999999999999
91,False,True,2022,7,2022-07-15,solvent,3.3600000000000003,1322.18462139461,1601.22210374741,1613.0743554943,1652.71639279719,1458.06977711168,1293.59521574041,1207.46390510091,1279.64081229113,1238.17285657319,1105.97830115752,1077.78061255766,1010.22385393131,3.0933333333333333,3.26,2.66,2.857,2.807,2.5985714285714288,2.2466666666666666,2.1875,2.1141667882324335,1.802,1.575,1.3725
92,False,True,2022,8,2022-08-29,solvent,3.1439999999999997,902.891147870967,1322.18462139461,1601.22210374741,1613.0743554943,1652.71639279719,1458.06977711168,1293.59521574041,1207.46390510091,1279.64081229113,1238.17285657319,1105.97830115752,1077.78061255766,3.3600000000000003,3.0933333333333333,3.26,2.66,2.857,2.807,2.5985714285714288,2.2466666666666666,2.1875,2.1141667882324335,1.802,1.575
93,False,True,2022,9,2022-09-30,solvent,3.1119999999999997,926.324432586423,902.891147870967,1322.18462139461,1601.22210374741,1613.0743554943,1652.71639279719,1458.06977711168,1293.59521574041,1207.46390510091,1279.64081229113,1238.17285657319,1105.97830115752,3.1439999999999997,3.3600000000000003,3.0933333333333333,3.26,2.66,2.857,2.807,2.5985714285714288,2.2466666666666666,2.1875,2.1141667882324335,1.802
94,False,True,2022,10,2022-10-18,solvent,3.0349999999999997,794.488878874876,926.324432586423,902.891147870967,1322.18462139461,1601.22210374741,1613.0743554943,1652.71639279719,1458.06977711168,1293.59521574041,1207.46390510091,1279.64081229113,1238.17285657319,3.1119999999999997,3.1439999999999997,3.3600000000000003,3.0933333333333333,3.26,2.66,2.857,2.807,2.5985714285714288,2.2466666666666666,2.1875,2.1141667882324335
95,False,True,2022,11,2022-11-30,solvent,2.7435714285714283,796.676318197842,794.488878874876,926.324432586423,902.891147870967,1322.18462139461,1601.22210374741,1613.0743554943,1652.71639279719,1458.06977711168,1293.59521574041,1207.46390510091,1279.64081229113,3.0349999999999997,3.1119999999999997,3.1439999999999997,3.3600000000000003,3.0933333333333333,3.26,2.66,2.857,2.807,2.5985714285714288,2.2466666666666666,2.1875
96,False,True,2022,12,2022-12-31,solvent,2.808,875.659936221517,796.676318197842,794.488878874876,926.324432586423,902.891147870967,1322.18462139461,1601.22210374741,1613.0743554943,1652.71639279719,1458.06977711168,1293.59521574041,1207.46390510091,2.7435714285714283,3.0349999999999997,3.1119999999999997,3.1439999999999997,3.3600000000000003,3.0933333333333333,3.26,2.66,2.857,2.807,2.5985714285714288,2.2466666666666666
97,False,True,2023,1,2023-01-26,solvent,2.275,887.10700458863,875.659936221517,796.676318197842,794.488878874876,926.324432586423,902.891147870967,1322.18462139461,1601.22210374741,1613.0743554943,1652.71639279719,1458.06977711168,1293.59521574041,2.808,2.7435714285714283,3.0349999999999997,3.1119999999999997,3.1439999999999997,3.3600000000000003,3.0933333333333333,3.26,2.66,2.857,2.807,2.5985714285714288
98,False,True,2023,2,2023-02-28,solvent,2.075,903.28692399913,887.10700458863,875.659936221517,796.676318197842,794.488878874876,926.324432586423,902.891147870967,1322.18462139461,1601.22210374741,1613.0743554943,1652.71639279719,1458.06977711168,2.275,2.808,2.7435714285714283,3.0349999999999997,3.1119999999999997,3.1439999999999997,3.3600000000000003,3.0933333333333333,3.26,2.66,2.857,2.807
99,False,True,2023,3,2023-03-31,solvent,1.8625,902.161131806761,903.28692399913,887.10700458863,875.659936221517,796.676318197842,794.488878874876,926.324432586423,902.891147870967,1322.18462139461,1601.22210374741,1613.0743554943,1652.71639279719,2.075,2.275,2.808,2.7435714285714283,3.0349999999999997,3.1119999999999997,3.1439999999999997,3.3600000000000003,3.0933333333333333,3.26,2.66,2.857
100,False,True,2023,4,2023-04-30,solvent,1.5200000000000002,910.155527014026,902.161131806761,903.28692399913,887.10700458863,875.659936221517,796.676318197842,794.488878874876,926.324432586423,902.891147870967,1322.18462139461,1601.22210374741,1613.0743554943,1.8625,2.075,2.275,2.808,2.7435714285714283,3.0349999999999997,3.1119999999999997,3.1439999999999997,3.3600000000000003,3.0933333333333333,3.26,2.66
101,False,True,2023,5,2023-05-31,solvent,1.52,934.809681844592,910.155527014026,902.161131806761,903.28692399913,887.10700458863,875.659936221517,796.676318197842,794.488878874876,926.324432586423,902.891147870967,1322.18462139461,1601.22210374741,1.5200000000000002,1.8625,2.075,2.275,2.808,2.7435714285714283,3.0349999999999997,3.1119999999999997,3.1439999999999997,3.3600000000000003,3.0933333333333333,3.26
102,False,True,2023,6,2023-06-27,solvent,1.3950000000000002,834.628551223305,934.809681844592,910.155527014026,902.161131806761,903.28692399913,887.10700458863,875.659936221517,796.676318197842,794.488878874876,926.324432586423,902.891147870967,1322.18462139461,1.52,1.5200000000000002,1.8625,2.075,2.275,2.808,2.7435714285714283,3.0349999999999997,3.1119999999999997,3.1439999999999997,3.3600000000000003,3.0933333333333333
103,False,True,2023,7,2023-07-28,solvent,1.3550000000000002,769.098476597759,834.628551223305,934.809681844592,910.155527014026,902.161131806761,903.28692399913,887.10700458863,875.659936221517,796.676318197842,794.488878874876,926.324432586423,902.891147870967,1.3950000000000002,1.52,1.5200000000000002,1.8625,2.075,2.275,2.808,2.7435714285714283,3.0349999999999997,3.1119999999999997,3.1439999999999997,3.3600000000000003
104,False,True,2023,8,2023-08-30,solvent,1.2658333333333336,844.977016726366,769.098476597759,834.628551223305,934.809681844592,910.155527014026,902.161131806761,903.28692399913,887.10700458863,875.659936221517,796.676318197842,794.488878874876,926.324432586423,1.3550000000000002,1.3950000000000002,1.52,1.5200000000000002,1.8625,2.075,2.275,2.808,2.7435714285714283,3.0349999999999997,3.1119999999999997,3.1439999999999997
105,False,True,2023,9,2023-09-21,solvent,1.25875,823.608174534713,844.977016726366,769.098476597759,834.628551223305,934.809681844592,910.155527014026,902.161131806761,903.28692399913,887.10700458863,875.659936221517,796.676318197842,794.488878874876,1.2658333333333336,1.3550000000000002,1.3950000000000002,1.52,1.5200000000000002,1.8625,2.075,2.275,2.808,2.7435714285714283,3.0349999999999997,3.1119999999999997
106,False,True,2023,10,2023-10-31,solvent,1.1664285714285714,790.712155888081,823.608174534713,844.977016726366,769.098476597759,834.628551223305,934.809681844592,910.155527014026,902.161131806761,903.28692399913,887.10700458863,875.659936221517,796.676318197842,1.25875,1.2658333333333336,1.3550000000000002,1.3950000000000002,1.52,1.5200000000000002,1.8625,2.075,2.275,2.808,2.7435714285714283,3.0349999999999997
107,False,True,2023,11,2023-11-29,solvent,1.1324999999999998,767.48133500497,790.712155888081,823.608174534713,844.977016726366,769.098476597759,834.628551223305,934.809681844592,910.155527014026,902.161131806761,903.28692399913,887.10700458863,875.659936221517,1.1664285714285714,1.25875,1.2658333333333336,1.3550000000000002,1.3950000000000002,1.52,1.5200000000000002,1.8625,2.075,2.275,2.808,2.7435714285714283
108,False,True,2023,12,2023-12-28,solvent,1.12,795.987930507008,767.48133500497,790.712155888081,823.608174534713,844.977016726366,769.098476597759,834.628551223305,934.809681844592,910.155527014026,902.161131806761,903.28692399913,887.10700458863,1.1324999999999998,1.1664285714285714,1.25875,1.2658333333333336,1.3550000000000002,1.3950000000000002,1.52,1.5200000000000002,1.8625,2.075,2.275,2.808
124,True,False,2016,1,2016-01-31,solvent,0.95,520.602567605653,503.163620012229,530.246639789742,483.487307650792,484.677591320546,575.682129641201,606.404488474595,601.396540199212,591.787920473602,607.654865340564,634.378125181584,641.597233169228,0.56,0.56,0.56,0.82,0.81,0.72,0.6233333333333334,0.72,0.72,0.64,0.64,0.64
125,True,False,2016,2,2016-02-29,solvent,0.82,531.619442572607,520.602567605653,503.163620012229,530.246639789742,483.487307650792,484.677591320546,575.682129641201,606.404488474595,601.396540199212,591.787920473602,607.654865340564,634.378125181584,0.95,0.56,0.56,0.56,0.82,0.81,0.72,0.6233333333333334,0.72,0.72,0.64,0.64
126,True,False,2016,3,2016-03-18,solvent,0.82,595.900683226908,531.619442572607,520.602567605653,503.163620012229,530.246639789742,483.487307650792,484.677591320546,575.682129641201,606.404488474595,601.396540199212,591.787920473602,607.654865340564,0.82,0.95,0.56,0.56,0.56,0.82,0.81,0.72,0.6233333333333334,0.72,0.72,0.64
127,True,False,2016,4,2016-04-22,solvent,0.47,633.067782763729,595.900683226908,531.619442572607,520.602567605653,503.163620012229,530.246639789742,483.487307650792,484.677591320546,575.682129641201,606.404488474595,601.396540199212,591.787920473602,0.82,0.82,0.95,0.56,0.56,0.56,0.82,0.81,0.72,0.6233333333333334,0.72,0.72
128,True,False,2016,5,2016-05-19,solvent,0.72,680.375486749158,633.067782763729,595.900683226908,531.619442572607,520.602567605653,503.163620012229,530.246639789742,483.487307650792,484.677591320546,575.682129641201,606.404488474595,601.396540199212,0.47,0.82,0.82,0.95,0.56,0.56,0.56,0.82,0.81,0.72,0.6233333333333334,0.72
129,True,False,2016,6,2016-06-30,solvent,0.5862902526666667,644.564789449039,680.375486749158,633.067782763729,595.900683226908,531.619442572607,520.602567605653,503.163620012229,530.246639789742,483.487307650792,484.677591320546,575.682129641201,606.404488474595,0.72,0.47,0.82,0.82,0.95,0.56,0.56,0.56,0.82,0.81,0.72,0.6233333333333334
130,True,False,2016,7,2016-07-31,solvent,0.5871023766000001,618.453034128718,644.564789449039,680.375486749158,633.067782763729,595.900683226908,531.619442572607,520.602567605653,503.163620012229,530.246639789742,483.487307650792,484.677591320546,575.682129641201,0.5862902526666667,0.72,0.47,0.82,0.82,0.95,0.56,0.56,0.56,0.82,0.81,0.72
131,True,False,2016,8,2016-08-31,solvent,0.45,584.190132904984,618.453034128718,644.564789449039,680.375486749158,633.067782763729,595.900683226908,531.619442572607,520.602567605653,503.163620012229,530.246639789742,483.487307650792,484.677591320546,0.5871023766000001,0.5862902526666667,0.72,0.47,0.82,0.82,0.95,0.56,0.56,0.56,0.82,0.81
132,True,False,2016,9,2016-09-30,solvent,0.5698756933333334,664.377119626144,584.190132904984,618.453034128718,644.564789449039,680.375486749158,633.067782763729,595.900683226908,531.619442572607,520.602567605653,503.163620012229,530.246639789742,483.487307650792,0.45,0.5871023766000001,0.5862902526666667,0.72,0.47,0.82,0.82,0.95,0.56,0.56,0.56,0.82
134,True,False,2016,11,2016-11-30,solvent,0.6197467612818591,651.448642642048,692.406658440732,664.377119626144,584.190132904984,618.453034128718,644.564789449039,680.375486749158,633.067782763729,595.900683226908,531.619442572607,520.602567605653,503.163620012229,0.45,0.5698756933333334,0.45,0.5871023766000001,0.5862902526666667,0.72,0.47,0.82,0.82,0.95,0.56,0.56
136,True,False,2017,1,2017-01-31,solvent,0.6074067700000001,711.756236551718,669.99758823287,651.448642642048,692.406658440732,664.377119626144,584.190132904984,618.453034128718,644.564789449039,680.375486749158,633.067782763729,595.900683226908,531.619442572607,0.5996068505177535,0.6197467612818591,0.45,0.5698756933333334,0.45,0.5871023766000001,0.5862902526666667,0.72,0.47,0.82,0.82,0.95
138,True,False,2017,3,2017-03-31,solvent,0.6335505760000002,706.793595646491,726.488555994266,711.756236551718,669.99758823287,651.448642642048,692.406658440732,664.377119626144,584.190132904984,618.453034128718,644.564789449039,680.375486749158,633.067782763729,0.51,0.6074067700000001,0.5996068505177535,0.6197467612818591,0.45,0.5698756933333334,0.45,0.5871023766000001,0.5862902526666667,0.72,0.47,0.82
139,True,False,2017,4,2017-04-30,solvent,0.9057828295000001,663.299519382585,706.793595646491,726.488555994266,711.756236551718,669.99758823287,651.448642642048,692.406658440732,664.377119626144,584.190132904984,618.453034128718,644.564789449039,680.375486749158,0.6335505760000002,0.51,0.6074067700000001,0.5996068505177535,0.6197467612818591,0.45,0.5698756933333334,0.45,0.5871023766000001,0.5862902526666667,0.72,0.47
140,True,False,2017,5,2017-05-16,solvent,0.7675,623.207664785016,663.299519382585,706.793595646491,726.488555994266,711.756236551718,669.99758823287,651.448642642048,692.406658440732,664.377119626144,584.190132904984,618.453034128718,644.564789449039,0.9057828295000001,0.6335505760000002,0.51,0.6074067700000001,0.5996068505177535,0.6197467612818591,0.45,0.5698756933333334,0.45,0.5871023766000001,0.5862902526666667,0.72
141,True,False,2017,6,2017-06-30,solvent,0.8171281005,655.510616305257,623.207664785016,663.299519382585,706.793595646491,726.488555994266,711.756236551718,669.99758823287,651.448642642048,692.406658440732,664.377119626144,584.190132904984,618.453034128718,0.7675,0.9057828295000001,0.6335505760000002,0.51,0.6074067700000001,0.5996068505177535,0.6197467612818591,0.45,0.5698756933333334,0.45,0.5871023766000001,0.5862902526666667
142,True,False,2017,7,2017-07-31,solvent,0.913278168,621.181586939107,655.510616305257,623.207664785016,663.299519382585,706.793595646491,726.488555994266,711.756236551718,669.99758823287,651.448642642048,692.406658440732,664.377119626144,584.190132904984,0.8171281005,0.7675,0.9057828295000001,0.6335505760000002,0.51,0.6074067700000001,0.5996068505177535,0.6197467612818591,0.45,0.5698756933333334,0.45,0.5871023766000001
143,True,False,2017,8,2017-08-31,solvent,0.7710927226666667,617.158220835306,621.181586939107,655.510616305257,623.207664785016,663.299519382585,706.793595646491,726.488555994266,711.756236551718,669.99758823287,651.448642642048,692.406658440732,664.377119626144,0.913278168,0.8171281005,0.7675,0.9057828295000001,0.6335505760000002,0.51,0.6074067700000001,0.5996068505177535,0.6197467612818591,0.45,0.5698756933333334,0.45
144,True,False,2017,9,2017-09-30,solvent,1.0208627553333331,621.819465680048,617.158220835306,621.181586939107,655.510616305257,623.207664785016,663.299519382585,706.793595646491,726.488555994266,711.756236551718,669.99758823287,651.448642642048,692.406658440732,0.7710927226666667,0.913278168,0.8171281005,0.7675,0.9057828295000001,0.6335505760000002,0.51,0.6074067700000001,0.5996068505177535,0.6197467612818591,0.45,0.5698756933333334
145,True,False,2017,10,2017-10-23,solvent,1.143470446847536,661.631565157988,621.819465680048,617.158220835306,621.181586939107,655.510616305257,623.207664785016,663.299519382585,706.793595646491,726.488555994266,711.756236551718,669.99758823287,651.448642642048,1.0208627553333331,0.7710927226666667,0.913278168,0.8171281005,0.7675,0.9057828295000001,0.6335505760000002,0.51,0.6074067700000001,0.5996068505177535,0.6197467612818591,0.45
146,True,False,2017,11,2017-11-30,solvent,1.0020385115,648.161663544148,661.631565157988,621.819465680048,617.158220835306,621.181586939107,655.510616305257,623.207664785016,663.299519382585,706.793595646491,726.488555994266,711.756236551718,669.99758823287,1.143470446847536,1.0208627553333331,0.7710927226666667,0.913278168,0.8171281005,0.7675,0.9057828295000001,0.6335505760000002,0.51,0.6074067700000001,0.5996068505177535,0.6197467612818591
147,True,False,2017,12,2017-12-21,solvent,0.892639084,635.563806500635,648.161663544148,661.631565157988,621.819465680048,617.158220835306,621.181586939107,655.510616305257,623.207664785016,663.299519382585,706.793595646491,726.488555994266,711.756236551718,1.0020385115,1.143470446847536,1.0208627553333331,0.7710927226666667,0.913278168,0.8171281005,0.7675,0.9057828295000001,0.6335505760000002,0.51,0.6074067700000001,0.5996068505177535
148,True,False,2018,1,2018-01-30,solvent,1.0271992366666667,592.797796439949,635.563806500635,648.161663544148,661.631565157988,621.819465680048,617.158220835306,621.181586939107,655.510616305257,623.207664785016,663.299519382585,706.793595646491,726.488555994266,0.892639084,1.0020385115,1.143470446847536,1.0208627553333331,0.7710927226666667,0.913278168,0.8171281005,0.7675,0.9057828295000001,0.6335505760000002,0.51,0.6074067700000001
149,True,False,2018,2,2018-02-20,solvent,1.0,633.347501155855,592.797796439949,635.563806500635,648.161663544148,661.631565157988,621.819465680048,617.158220835306,621.181586939107,655.510616305257,623.207664785016,663.299519382585,706.793595646491,1.0271992366666667,0.892639084,1.0020385115,1.143470446847536,1.0208627553333331,0.7710927226666667,0.913278168,0.8171281005,0.7675,0.9057828295000001,0.6335505760000002,0.51
150,True,False,2018,3,2018-03-23,solvent,0.8937049850000001,642.943711013104,633.347501155855,592.797796439949,635.563806500635,648.161663544148,661.631565157988,621.819465680048,617.158220835306,621.181586939107,655.510616305257,623.207664785016,663.299519382585,1.0,1.0271992366666667,0.892639084,1.0020385115,1.143470446847536,1.0208627553333331,0.7710927226666667,0.913278168,0.8171281005,0.7675,0.9057828295000001,0.6335505760000002
151,True,False,2018,4,2018-04-17,solvent,1.0,624.308918836003,642.943711013104,633.347501155855,592.797796439949,635.563806500635,648.161663544148,661.631565157988,621.819465680048,617.158220835306,621.181586939107,655.510616305257,623.207664785016,0.8937049850000001,1.0,1.0271992366666667,0.892639084,1.0020385115,1.143470446847536,1.0208627553333331,0.7710927226666667,0.913278168,0.8171281005,0.7675,0.9057828295000001
152,True,False,2018,5,2018-05-17,solvent,1.0055014933333333,618.000861676943,624.308918836003,642.943711013104,633.347501155855,592.797796439949,635.563806500635,648.161663544148,661.631565157988,621.819465680048,617.158220835306,621.181586939107,655.510616305257,1.0,0.8937049850000001,1.0,1.0271992366666667,0.892639084,1.0020385115,1.143470446847536,1.0208627553333331,0.7710927226666667,0.913278168,0.8171281005,0.7675
153,True,False,2018,6,2018-06-30,solvent,0.93246999,606.02164191076,618.000861676943,624.308918836003,642.943711013104,633.347501155855,592.797796439949,635.563806500635,648.161663544148,661.631565157988,621.819465680048,617.158220835306,621.181586939107,1.0055014933333333,1.0,0.8937049850000001,1.0,1.0271992366666667,0.892639084,1.0020385115,1.143470446847536,1.0208627553333331,0.7710927226666667,0.913278168,0.8171281005
154,True,False,2018,7,2018-07-31,solvent,1.0222286125,582.897990498486,606.02164191076,618.000861676943,624.308918836003,642.943711013104,633.347501155855,592.797796439949,635.563806500635,648.161663544148,661.631565157988,621.819465680048,617.158220835306,0.93246999,1.0055014933333333,1.0,0.8937049850000001,1.0,1.0271992366666667,0.892639084,1.0020385115,1.143470446847536,1.0208627553333331,0.7710927226666667,0.913278168
156,True,False,2018,9,2018-09-30,solvent,0.8937049850000001,534.352874709735,538.208165734094,582.897990498486,606.02164191076,618.000861676943,624.308918836003,642.943711013104,633.347501155855,592.797796439949,635.563806500635,648.161663544148,661.631565157988,1.07240997,1.0222286125,0.93246999,1.0055014933333333,1.0,0.8937049850000001,1.0,1.0271992366666667,0.892639084,1.0020385115,1.143470446847536,1.0208627553333331
157,True,False,2018,10,2018-10-24,solvent,0.9167626137500001,524.853111692692,534.352874709735,538.208165734094,582.897990498486,606.02164191076,618.000861676943,624.308918836003,642.943711013104,633.347501155855,592.797796439949,635.563806500635,648.161663544148,0.8937049850000001,1.07240997,1.0222286125,0.93246999,1.0055014933333333,1.0,0.8937049850000001,1.0,1.0271992366666667,0.892639084,1.0020385115,1.143470446847536
158,True,False,2018,11,2018-11-30,solvent,1.0139614709897387,506.85604169469,524.853111692692,534.352874709735,538.208165734094,582.897990498486,606.02164191076,618.000861676943,624.308918836003,642.943711013104,633.347501155855,592.797796439949,635.563806500635,0.9167626137500001,0.8937049850000001,1.07240997,1.0222286125,0.93246999,1.0055014933333333,1.0,0.8937049850000001,1.0,1.0271992366666667,0.892639084,1.0020385115
159,True,False,2018,12,2018-12-31,solvent,1.04671759875,444.079833274839,506.85604169469,524.853111692692,534.352874709735,538.208165734094,582.897990498486,606.02164191076,618.000861676943,624.308918836003,642.943711013104,633.347501155855,592.797796439949,1.0139614709897387,0.9167626137500001,0.8937049850000001,1.07240997,1.0222286125,0.93246999,1.0055014933333333,1.0,0.8937049850000001,1.0,1.0271992366666667,0.892639084
160,True,False,2019,1,2019-01-28,solvent,1.1473633550000004,462.438918474042,444.079833274839,506.85604169469,524.853111692692,534.352874709735,538.208165734094,582.897990498486,606.02164191076,618.000861676943,624.308918836003,642.943711013104,633.347501155855,1.04671759875,1.0139614709897387,0.9167626137500001,0.8937049850000001,1.07240997,1.0222286125,0.93246999,1.0055014933333333,1.0,0.8937049850000001,1.0,1.0271992366666667
162,True,False,2019,3,2019-03-26,solvent,0.718891445,522.287898643095,519.152943137988,462.438918474042,444.079833274839,506.85604169469,524.853111692692,534.352874709735,538.208165734094,582.897990498486,606.02164191076,618.000861676943,624.308918836003,1.1473633550000004,1.1473633550000004,1.04671759875,1.0139614709897387,0.9167626137500001,0.8937049850000001,1.07240997,1.0222286125,0.93246999,1.0055014933333333,1.0,0.8937049850000001
163,True,False,2019,4,2019-04-16,solvent,1.0,492.679439788188,522.287898643095,519.152943137988,462.438918474042,444.079833274839,506.85604169469,524.853111692692,534.352874709735,538.208165734094,582.897990498486,606.02164191076,618.000861676943,0.718891445,1.1473633550000004,1.1473633550000004,1.04671759875,1.0139614709897387,0.9167626137500001,0.8937049850000001,1.07240997,1.0222286125,0.93246999,1.0055014933333333,1.0
164,True,False,2019,5,2019-05-28,solvent,0.821118610742304,503.28511243152,492.679439788188,522.287898643095,519.152943137988,462.438918474042,444.079833274839,506.85604169469,524.853111692692,534.352874709735,538.208165734094,582.897990498486,606.02164191076,1.0,0.718891445,1.1473633550000004,1.1473633550000004,1.04671759875,1.0139614709897387,0.9167626137500001,0.8937049850000001,1.07240997,1.0222286125,0.93246999,1.0055014933333333
165,True,False,2019,6,2019-06-30,solvent,0.8526414449999999,472.097758555727,503.28511243152,492.679439788188,522.287898643095,519.152943137988,462.438918474042,444.079833274839,506.85604169469,524.853111692692,534.352874709735,538.208165734094,582.897990498486,0.821118610742304,1.0,0.718891445,1.1473633550000004,1.1473633550000004,1.04671759875,1.0139614709897387,0.9167626137500001,0.8937049850000001,1.07240997,1.0222286125,0.93246999
166,True,False,2019,7,2019-07-16,solvent,1.1216030725466666,474.627071385656,472.097758555727,503.28511243152,492.679439788188,522.287898643095,519.152943137988,462.438918474042,444.079833274839,506.85604169469,524.853111692692,534.352874709735,538.208165734094,0.8526414449999999,0.821118610742304,1.0,0.718891445,1.1473633550000004,1.1473633550000004,1.04671759875,1.0139614709897387,0.9167626137500001,0.8937049850000001,1.07240997,1.0222286125
167,True,False,2019,8,2019-08-29,solvent,0.9483853825,466.214596109574,474.627071385656,472.097758555727,503.28511243152,492.679439788188,522.287898643095,519.152943137988,462.438918474042,444.079833274839,506.85604169469,524.853111692692,534.352874709735,1.1216030725466666,0.8526414449999999,0.821118610742304,1.0,0.718891445,1.1473633550000004,1.1473633550000004,1.04671759875,1.0139614709897387,0.9167626137500001,0.8937049850000001,1.07240997
168,True,False,2019,9,2019-09-12,solvent,0.7380025599999998,508.608892809685,466.214596109574,474.627071385656,472.097758555727,503.28511243152,492.679439788188,522.287898643095,519.152943137988,462.438918474042,444.079833274839,506.85604169469,524.853111692692,0.9483853825,1.1216030725466666,0.8526414449999999,0.821118610742304,1.0,0.718891445,1.1473633550000004,1.1473633550000004,1.04671759875,1.0139614709897387,0.9167626137500001,0.8937049850000001
169,True,False,2019,10,2019-10-31,solvent,0.9266030725466665,506.856315453768,508.608892809685,466.214596109574,474.627071385656,472.097758555727,503.28511243152,492.679439788188,522.287898643095,519.152943137988,462.438918474042,444.079833274839,506.85604169469,0.7380025599999998,0.9483853825,1.1216030725466666,0.8526414449999999,0.821118610742304,1.0,0.718891445,1.1473633550000004,1.1473633550000004,1.04671759875,1.0139614709897387,0.9167626137500001
170,True,False,2019,11,2019-11-04,solvent,0.8994406200000002,523.520131772373,506.856315453768,508.608892809685,466.214596109574,474.627071385656,472.097758555727,503.28511243152,492.679439788188,522.287898643095,519.152943137988,462.438918474042,444.079833274839,0.9266030725466665,0.7380025599999998,0.9483853825,1.1216030725466666,0.8526414449999999,0.821118610742304,1.0,0.718891445,1.1473633550000004,1.1473633550000004,1.04671759875,1.0139614709897387
171,True,False,2019,12,2019-12-18,solvent,0.535,612.802778088192,523.520131772373,506.856315453768,508.608892809685,466.214596109574,474.627071385656,472.097758555727,503.28511243152,492.679439788188,522.287898643095,519.152943137988,462.438918474042,0.8994406200000002,0.9266030725466665,0.7380025599999998,0.9483853825,1.1216030725466666,0.8526414449999999,0.821118610742304,1.0,0.718891445,1.1473633550000004,1.1473633550000004,1.04671759875
172,True,False,2020,1,2020-01-31,solvent,0.68748106,685.283404717487,612.802778088192,523.520131772373,506.856315453768,508.608892809685,466.214596109574,474.627071385656,472.097758555727,503.28511243152,492.679439788188,522.287898643095,519.152943137988,0.535,0.8994406200000002,0.9266030725466665,0.7380025599999998,0.9483853825,1.1216030725466666,0.8526414449999999,0.821118610742304,1.0,0.718891445,1.1473633550000004,1.1473633550000004
173,True,False,2020,2,2020-02-28,solvent,0.6330425733333332,726.585601903826,685.283404717487,612.802778088192,523.520131772373,506.856315453768,508.608892809685,466.214596109574,474.627071385656,472.097758555727,503.28511243152,492.679439788188,522.287898643095,0.68748106,0.535,0.8994406200000002,0.9266030725466665,0.7380025599999998,0.9483853825,1.1216030725466666,0.8526414449999999,0.821118610742304,1.0,0.718891445,1.1473633550000004
174,True,False,2020,3,2020-03-27,solvent,0.69949507283,642.252155857179,726.585601903826,685.283404717487,612.802778088192,523.520131772373,506.856315453768,508.608892809685,466.214596109574,474.627071385656,472.097758555727,503.28511243152,492.679439788188,0.6330425733333332,0.68748106,0.535,0.8994406200000002,0.9266030725466665,0.7380025599999998,0.9483853825,1.1216030725466666,0.8526414449999999,0.821118610742304,1.0,0.718891445
175,True,False,2020,4,2020-04-30,solvent,1.0502618166666666,557.90283704059,642.252155857179,726.585601903826,685.283404717487,612.802778088192,523.520131772373,506.856315453768,508.608892809685,466.214596109574,474.627071385656,472.097758555727,503.28511243152,0.69949507283,0.6330425733333332,0.68748106,0.535,0.8994406200000002,0.9266030725466665,0.7380025599999998,0.9483853825,1.1216030725466666,0.8526414449999999,0.821118610742304,1.0
176,True,False,2020,5,2020-05-27,solvent,0.8305605389999999,518.474155088473,557.90283704059,642.252155857179,726.585601903826,685.283404717487,612.802778088192,523.520131772373,506.856315453768,508.608892809685,466.214596109574,474.627071385656,472.097758555727,1.0502618166666666,0.69949507283,0.6330425733333332,0.68748106,0.535,0.8994406200000002,0.9266030725466665,0.7380025599999998,0.9483853825,1.1216030725466666,0.8526414449999999,0.821118610742304
177,True,False,2020,6,2020-06-30,solvent,0.955098471,498.482164768442,518.474155088473,557.90283704059,642.252155857179,726.585601903826,685.283404717487,612.802778088192,523.520131772373,506.856315453768,508.608892809685,466.214596109574,474.627071385656,0.8305605389999999,1.0502618166666666,0.69949507283,0.6330425733333332,0.68748106,0.535,0.8994406200000002,0.9266030725466665,0.7380025599999998,0.9483853825,1.1216030725466666,0.8526414449999999
178,True,False,2020,7,2020-07-16,solvent,1.072892725,573.22358653095,498.482164768442,518.474155088473,557.90283704059,642.252155857179,726.585601903826,685.283404717487,612.802778088192,523.520131772373,506.856315453768,508.608892809685,466.214596109574,0.955098471,0.8305605389999999,1.0502618166666666,0.69949507283,0.6330425733333332,0.68748106,0.535,0.8994406200000002,0.9266030725466665,0.7380025599999998,0.9483853825,1.1216030725466666
179,True,False,2020,8,2020-08-25,solvent,0.9691111150000001,610.495597533936,573.22358653095,498.482164768442,518.474155088473,557.90283704059,642.252155857179,726.585601903826,685.283404717487,612.802778088192,523.520131772373,506.856315453768,508.608892809685,1.072892725,0.955098471,0.8305605389999999,1.0502618166666666,0.69949507283,0.6330425733333332,0.68748106,0.535,0.8994406200000002,0.9266030725466665,0.7380025599999998,0.9483853825
180,True,False,2020,9,2020-09-25,solvent,1.232618032170957,674.699438865209,610.495597533936,573.22358653095,498.482164768442,518.474155088473,557.90283704059,642.252155857179,726.585601903826,685.283404717487,612.802778088192,523.520131772373,506.856315453768,0.9691111150000001,1.072892725,0.955098471,0.8305605389999999,1.0502618166666666,0.69949507283,0.6330425733333332,0.68748106,0.535,0.8994406200000002,0.9266030725466665,0.7380025599999998
181,True,False,2020,10,2020-10-31,solvent,0.8007289325,707.32528125622,674.699438865209,610.495597533936,573.22358653095,498.482164768442,518.474155088473,557.90283704059,642.252155857179,726.585601903826,685.283404717487,612.802778088192,523.520131772373,1.232618032170957,0.9691111150000001,1.072892725,0.955098471,0.8305605389999999,1.0502618166666666,0.69949507283,0.6330425733333332,0.68748106,0.535,0.8994406200000002,0.9266030725466665
182,True,False,2020,11,2020-11-30,solvent,0.8394074100000001,730.949822826911,707.32528125622,674.699438865209,610.495597533936,573.22358653095,498.482164768442,518.474155088473,557.90283704059,642.252155857179,726.585601903826,685.283404717487,612.802778088192,0.8007289325,1.232618032170957,0.9691111150000001,1.072892725,0.955098471,0.8305605389999999,1.0502618166666666,0.69949507283,0.6330425733333332,0.68748106,0.535,0.8994406200000002
183,True,False,2020,12,2020-12-22,solvent,0.9335640733333334,841.639684375727,730.949822826911,707.32528125622,674.699438865209,610.495597533936,573.22358653095,498.482164768442,518.474155088473,557.90283704059,642.252155857179,726.585601903826,685.283404717487,0.8394074100000001,0.8007289325,1.232618032170957,0.9691111150000001,1.072892725,0.955098471,0.8305605389999999,1.0502618166666666,0.69949507283,0.6330425733333332,0.68748106,0.535
184,True,False,2021,1,2021-01-28,solvent,0.99,910.648399616273,841.639684375727,730.949822826911,707.32528125622,674.699438865209,610.495597533936,573.22358653095,498.482164768442,518.474155088473,557.90283704059,642.252155857179,726.585601903826,0.9335640733333334,0.8394074100000001,0.8007289325,1.232618032170957,0.9691111150000001,1.072892725,0.955098471,0.8305605389999999,1.0502618166666666,0.69949507283,0.6330425733333332,0.68748106
185,True,False,2021,2,2021-02-28,solvent,0.8541584103333334,936.449653369777,910.648399616273,841.639684375727,730.949822826911,707.32528125622,674.699438865209,610.495597533936,573.22358653095,498.482164768442,518.474155088473,557.90283704059,642.252155857179,0.99,0.9335640733333334,0.8394074100000001,0.8007289325,1.232618032170957,0.9691111150000001,1.072892725,0.955098471,0.8305605389999999,1.0502618166666666,0.69949507283,0.6330425733333332
186,True,False,2021,3,2021-03-26,solvent,1.11355735276,968.868406413008,936.449653369777,910.648399616273,841.639684375727,730.949822826911,707.32528125622,674.699438865209,610.495597533936,573.22358653095,498.482164768442,518.474155088473,557.90283704059,0.8541584103333334,0.99,0.9335640733333334,0.8394074100000001,0.8007289325,1.232618032170957,0.9691111150000001,1.072892725,0.955098471,0.8305605389999999,1.0502618166666666,0.69949507283
187,True,False,2021,4,2021-04-30,solvent,1.06221967,995.801045240987,968.868406413008,936.449653369777,910.648399616273,841.639684375727,730.949822826911,707.32528125622,674.699438865209,610.495597533936,573.22358653095,498.482164768442,518.474155088473,1.11355735276,0.8541584103333334,0.99,0.9335640733333334,0.8394074100000001,0.8007289325,1.232618032170957,0.9691111150000001,1.072892725,0.955098471,0.8305605389999999,1.0502618166666666
188,True,False,2021,5,2021-05-31,solvent,1.19584694211,1036.29341179646,995.801045240987,968.868406413008,936.449653369777,910.648399616273,841.639684375727,730.949822826911,707.32528125622,674.699438865209,610.495597533936,573.22358653095,498.482164768442,1.06221967,1.11355735276,0.8541584103333334,0.99,0.9335640733333334,0.8394074100000001,0.8007289325,1.232618032170957,0.9691111150000001,1.072892725,0.955098471,0.8305605389999999
189,True,False,2021,6,2021-06-24,solvent,0.989047895,1104.58493292694,1036.29341179646,995.801045240987,968.868406413008,936.449653369777,910.648399616273,841.639684375727,730.949822826911,707.32528125622,674.699438865209,610.495597533936,573.22358653095,1.19584694211,1.06221967,1.11355735276,0.8541584103333334,0.99,0.9335640733333334,0.8394074100000001,0.8007289325,1.232618032170957,0.9691111150000001,1.072892725,0.955098471
190,True,False,2021,7,2021-07-15,solvent,1.13493998,920.962647934837,1104.58493292694,1036.29341179646,995.801045240987,968.868406413008,936.449653369777,910.648399616273,841.639684375727,730.949822826911,707.32528125622,674.699438865209,610.495597533936,0.989047895,1.19584694211,1.06221967,1.11355735276,0.8541584103333334,0.99,0.9335640733333334,0.8394074100000001,0.8007289325,1.232618032170957,0.9691111150000001,1.072892725
191,True,False,2021,8,2021-08-31,solvent,1.2974470049000002,1010.22385393131,920.962647934837,1104.58493292694,1036.29341179646,995.801045240987,968.868406413008,936.449653369777,910.648399616273,841.639684375727,730.949822826911,707.32528125622,674.699438865209,1.13493998,0.989047895,1.19584694211,1.06221967,1.11355735276,0.8541584103333334,0.99,0.9335640733333334,0.8394074100000001,0.8007289325,1.232618032170957,0.9691111150000001
192,True,False,2021,9,2021-09-28,solvent,1.4770363165642857,1077.78061255766,1010.22385393131,920.962647934837,1104.58493292694,1036.29341179646,995.801045240987,968.868406413008,936.449653369777,910.648399616273,841.639684375727,730.949822826911,707.32528125622,1.2974470049000002,1.13493998,0.989047895,1.19584694211,1.06221967,1.11355735276,0.8541584103333334,0.99,0.9335640733333334,0.8394074100000001,0.8007289325,1.232618032170957
193,True,False,2021,10,2021-10-31,solvent,1.4230240166666668,1105.97830115752,1077.78061255766,1010.22385393131,920.962647934837,1104.58493292694,1036.29341179646,995.801045240987,968.868406413008,936.449653369777,910.648399616273,841.639684375727,730.949822826911,1.4770363165642857,1.2974470049000002,1.13493998,0.989047895,1.19584694211,1.06221967,1.11355735276,0.8541584103333334,0.99,0.9335640733333334,0.8394074100000001,0.8007289325
194,True,False,2021,11,2021-11-28,solvent,1.06,1238.17285657319,1105.97830115752,1077.78061255766,1010.22385393131,920.962647934837,1104.58493292694,1036.29341179646,995.801045240987,968.868406413008,936.449653369777,910.648399616273,841.639684375727,1.4230240166666668,1.4770363165642857,1.2974470049000002,1.13493998,0.989047895,1.19584694211,1.06221967,1.11355735276,0.8541584103333334,0.99,0.9335640733333334,0.8394074100000001
195,True,False,2021,12,2021-12-31,solvent,2.1833564209891665,1279.64081229113,1238.17285657319,1105.97830115752,1077.78061255766,1010.22385393131,920.962647934837,1104.58493292694,1036.29341179646,995.801045240987,968.868406413008,936.449653369777,910.648399616273,1.06,1.4230240166666668,1.4770363165642857,1.2974470049000002,1.13493998,0.989047895,1.19584694211,1.06221967,1.11355735276,0.8541584103333334,0.99,0.9335640733333334
196,True,False,2022,1,2022-01-26,solvent,2.2316826375,1207.46390510091,1279.64081229113,1238.17285657319,1105.97830115752,1077.78061255766,1010.22385393131,920.962647934837,1104.58493292694,1036.29341179646,995.801045240987,968.868406413008,936.449653369777,2.1833564209891665,1.06,1.4230240166666668,1.4770363165642857,1.2974470049000002,1.13493998,0.989047895,1.19584694211,1.06221967,1.11355735276,0.8541584103333334,0.99
197,True,False,2022,2,2022-02-25,solvent,2.2125164033333333,1293.59521574041,1207.46390510091,1279.64081229113,1238.17285657319,1105.97830115752,1077.78061255766,1010.22385393131,920.962647934837,1104.58493292694,1036.29341179646,995.801045240987,968.868406413008,2.2316826375,2.1833564209891665,1.06,1.4230240166666668,1.4770363165642857,1.2974470049000002,1.13493998,0.989047895,1.19584694211,1.06221967,1.11355735276,0.8541584103333334
198,True,False,2022,3,2022-03-31,solvent,1.50125,1458.06977711168,1293.59521574041,1207.46390510091,1279.64081229113,1238.17285657319,1105.97830115752,1077.78061255766,1010.22385393131,920.962647934837,1104.58493292694,1036.29341179646,995.801045240987,2.2125164033333333,2.2316826375,2.1833564209891665,1.06,1.4230240166666668,1.4770363165642857,1.2974470049000002,1.13493998,0.989047895,1.19584694211,1.06221967,1.11355735276
199,True,False,2022,4,2022-04-26,solvent,1.9951134265200001,1652.71639279719,1458.06977711168,1293.59521574041,1207.46390510091,1279.64081229113,1238.17285657319,1105.97830115752,1077.78061255766,1010.22385393131,920.962647934837,1104.58493292694,1036.29341179646,1.50125,2.2125164033333333,2.2316826375,2.1833564209891665,1.06,1.4230240166666668,1.4770363165642857,1.2974470049000002,1.13493998,0.989047895,1.19584694211,1.06221967
200,True,False,2022,5,2022-05-25,solvent,1.83,1613.0743554943,1652.71639279719,1458.06977711168,1293.59521574041,1207.46390510091,1279.64081229113,1238.17285657319,1105.97830115752,1077.78061255766,1010.22385393131,920.962647934837,1104.58493292694,1.9951134265200001,1.50125,2.2125164033333333,2.2316826375,2.1833564209891665,1.06,1.4230240166666668,1.4770363165642857,1.2974470049000002,1.13493998,0.989047895,1.19584694211
201,True,False,2022,6,2022-06-30,solvent,3.2046665661076004,1601.22210374741,1613.0743554943,1652.71639279719,1458.06977711168,1293.59521574041,1207.46390510091,1279.64081229113,1238.17285657319,1105.97830115752,1077.78061255766,1010.22385393131,920.962647934837,1.83,1.9951134265200001,1.50125,2.2125164033333333,2.2316826375,2.1833564209891665,1.06,1.4230240166666668,1.4770363165642857,1.2974470049000002,1.13493998,0.989047895
202,True,False,2022,7,2022-07-31,solvent,2.74,1322.18462139461,1601.22210374741,1613.0743554943,1652.71639279719,1458.06977711168,1293.59521574041,1207.46390510091,1279.64081229113,1238.17285657319,1105.97830115752,1077.78061255766,1010.22385393131,3.2046665661076004,1.83,1.9951134265200001,1.50125,2.2125164033333333,2.2316826375,2.1833564209891665,1.06,1.4230240166666668,1.4770363165642857,1.2974470049000002,1.13493998
203,True,False,2022,8,2022-08-31,solvent,2.99703705,902.891147870967,1322.18462139461,1601.22210374741,1613.0743554943,1652.71639279719,1458.06977711168,1293.59521574041,1207.46390510091,1279.64081229113,1238.17285657319,1105.97830115752,1077.78061255766,2.74,3.2046665661076004,1.83,1.9951134265200001,1.50125,2.2125164033333333,2.2316826375,2.1833564209891665,1.06,1.4230240166666668,1.4770363165642857,1.2974470049000002
204,True,False,2022,9,2022-09-30,solvent,2.665,926.324432586423,902.891147870967,1322.18462139461,1601.22210374741,1613.0743554943,1652.71639279719,1458.06977711168,1293.59521574041,1207.46390510091,1279.64081229113,1238.17285657319,1105.97830115752,2.99703705,2.74,3.2046665661076004,1.83,1.9951134265200001,1.50125,2.2125164033333333,2.2316826375,2.1833564209891665,1.06,1.4230240166666668,1.4770363165642857
205,True,False,2022,10,2022-10-13,solvent,2.9793425656300005,794.488878874876,926.324432586423,902.891147870967,1322.18462139461,1601.22210374741,1613.0743554943,1652.71639279719,1458.06977711168,1293.59521574041,1207.46390510091,1279.64081229113,1238.17285657319,2.665,2.99703705,2.74,3.2046665661076004,1.83,1.9951134265200001,1.50125,2.2125164033333333,2.2316826375,2.1833564209891665,1.06,1.4230240166666668
206,True,False,2022,11,2022-11-29,solvent,1.43,796.676318197842,794.488878874876,926.324432586423,902.891147870967,1322.18462139461,1601.22210374741,1613.0743554943,1652.71639279719,1458.06977711168,1293.59521574041,1207.46390510091,1279.64081229113,2.9793425656300005,2.665,2.99703705,2.74,3.2046665661076004,1.83,1.9951134265200001,1.50125,2.2125164033333333,2.2316826375,2.1833564209891665,1.06
207,True,False,2022,12,2022-12-29,solvent,1.8219838333333334,875.659936221517,796.676318197842,794.488878874876,926.324432586423,902.891147870967,1322.18462139461,1601.22210374741,1613.0743554943,1652.71639279719,1458.06977711168,1293.59521574041,1207.46390510091,1.43,2.9793425656300005,2.665,2.99703705,2.74,3.2046665661076004,1.83,1.9951134265200001,1.50125,2.2125164033333333,2.2316826375,2.1833564209891665
208,True,False,2023,1,2023-01-31,solvent,1.2233333333333334,887.10700458863,875.659936221517,796.676318197842,794.488878874876,926.324432586423,902.891147870967,1322.18462139461,1601.22210374741,1613.0743554943,1652.71639279719,1458.06977711168,1293.59521574041,1.8219838333333334,1.43,2.9793425656300005,2.665,2.99703705,2.74,3.2046665661076004,1.83,1.9951134265200001,1.50125,2.2125164033333333,2.2316826375
209,True,False,2023,2,2023-02-28,solvent,1.4422524533333334,903.28692399913,887.10700458863,875.659936221517,796.676318197842,794.488878874876,926.324432586423,902.891147870967,1322.18462139461,1601.22210374741,1613.0743554943,1652.71639279719,1458.06977711168,1.2233333333333334,1.8219838333333334,1.43,2.9793425656300005,2.665,2.99703705,2.74,3.2046665661076004,1.83,1.9951134265200001,1.50125,2.2125164033333333
210,True,False,2023,3,2023-03-31,solvent,1.015,902.161131806761,903.28692399913,887.10700458863,875.659936221517,796.676318197842,794.488878874876,926.324432586423,902.891147870967,1322.18462139461,1601.22210374741,1613.0743554943,1652.71639279719,1.4422524533333334,1.2233333333333334,1.8219838333333334,1.43,2.9793425656300005,2.665,2.99703705,2.74,3.2046665661076004,1.83,1.9951134265200001,1.50125
211,True,False,2023,4,2023-04-30,solvent,2.1412283770866667,910.155527014026,902.161131806761,903.28692399913,887.10700458863,875.659936221517,796.676318197842,794.488878874876,926.324432586423,902.891147870967,1322.18462139461,1601.22210374741,1613.0743554943,1.015,1.4422524533333334,1.2233333333333334,1.8219838333333334,1.43,2.9793425656300005,2.665,2.99703705,2.74,3.2046665661076004,1.83,1.9951134265200001
212,True,False,2023,5,2023-05-31,solvent,1.111484405,934.809681844592,910.155527014026,902.161131806761,903.28692399913,887.10700458863,875.659936221517,796.676318197842,794.488878874876,926.324432586423,902.891147870967,1322.18462139461,1601.22210374741,2.1412283770866667,1.015,1.4422524533333334,1.2233333333333334,1.8219838333333334,1.43,2.9793425656300005,2.665,2.99703705,2.74,3.2046665661076004,1.83
213,True,False,2023,6,2023-06-30,solvent,0.801200425,834.628551223305,934.809681844592,910.155527014026,902.161131806761,903.28692399913,887.10700458863,875.659936221517,796.676318197842,794.488878874876,926.324432586423,902.891147870967,1322.18462139461,1.111484405,2.1412283770866667,1.015,1.4422524533333334,1.2233333333333334,1.8219838333333334,1.43,2.9793425656300005,2.665,2.99703705,2.74,3.2046665661076004
214,True,False,2023,7,2023-07-31,solvent,0.8075000000000001,769.098476597759,834.628551223305,934.809681844592,910.155527014026,902.161131806761,903.28692399913,887.10700458863,875.659936221517,796.676318197842,794.488878874876,926.324432586423,902.891147870967,0.801200425,1.111484405,2.1412283770866667,1.015,1.4422524533333334,1.2233333333333334,1.8219838333333334,1.43,2.9793425656300005,2.665,2.99703705,2.74
215,True,False,2023,8,2023-08-31,solvent,0.707192,844.977016726366,769.098476597759,834.628551223305,934.809681844592,910.155527014026,902.161131806761,903.28692399913,887.10700458863,875.659936221517,796.676318197842,794.488878874876,926.324432586423,0.8075000000000001,0.801200425,1.111484405,2.1412283770866667,1.015,1.4422524533333334,1.2233333333333334,1.8219838333333334,1.43,2.9793425656300005,2.665,2.99703705
216,True,False,2023,9,2023-09-30,solvent,1.307469585,823.608174534713,844.977016726366,769.098476597759,834.628551223305,934.809681844592,910.155527014026,902.161131806761,903.28692399913,887.10700458863,875.659936221517,796.676318197842,794.488878874876,0.707192,0.8075000000000001,0.801200425,1.111484405,2.1412283770866667,1.015,1.4422524533333334,1.2233333333333334,1.8219838333333334,1.43,2.9793425656300005,2.665
217,True,False,2023,10,2023-10-24,solvent,0.565,790.712155888081,823.608174534713,844.977016726366,769.098476597759,834.628551223305,934.809681844592,910.155527014026,902.161131806761,903.28692399913,887.10700458863,875.659936221517,796.676318197842,1.307469585,0.707192,0.8075000000000001,0.801200425,1.111484405,2.1412283770866667,1.015,1.4422524533333334,1.2233333333333334,1.8219838333333334,1.43,2.9793425656300005
218,True,False,2023,11,2023-11-30,solvent,0.66,767.48133500497,790.712155888081,823.608174534713,844.977016726366,769.098476597759,834.628551223305,934.809681844592,910.155527014026,902.161131806761,903.28692399913,887.10700458863,875.659936221517,0.565,1.307469585,0.707192,0.8075000000000001,0.801200425,1.111484405,2.1412283770866667,1.015,1.4422524533333334,1.2233333333333334,1.8219838333333334,1.43
219,True,False,2023,12,2023-12-20,solvent,1.8362485000000002,795.987930507008,767.48133500497,790.712155888081,823.608174534713,844.977016726366,769.098476597759,834.628551223305,934.809681844592,910.155527014026,902.161131806761,903.28692399913,887.10700458863,0.66,0.565,1.307469585,0.707192,0.8075000000000001,0.801200425,1.111484405,2.1412283770866667,1.015,1.4422524533333334,1.2233333333333334,1.8219838333333334
